blog,startdate
WN004,
WN288,2016-01-19
Trash2,2016-01-26T00:00:00.000Z
WN287,2016-01-12T00:00
WN000,
WN001,
WN003,
WN005,
WN006,
WN007,
WN008,
WN009,
WN010,
WN011,
WN012,
WN013,
WN014,
WN133,
WN361,2017-06-13T21:59:00.000Z
WN374,2017-09-12T21:59:00.000Z
WN435,2018-11-13T22:59:00.000Z
WN497,2020-01-21T22:59:00.000Z
WN453,2019-03-19T22:59:00.000Z
WN474,2019-08-13T21:59:00.000Z
WN173,
WN286,2016-01-05T00:00
WN285,2015-12-29T01:00:00.000Z
WN018,
WN329,2016-11-01T22:59:00.000Z
WN330,2016-11-08T22:59:00.000Z
WN136,
WN145,
WN151,
WN160,
WN167,
WN174,
WN264,
WN015,
WN365,2017-07-11T21:59:00.000Z
WN368,2017-08-01T21:59:00.000Z
WN370,2017-08-15T21:59:00.000Z
WN403,2018-04-03T21:59:00.000Z
WN396,2018-02-13T22:59:00.000Z
WN395,2018-02-06T22:59:00.000Z
WN549,2021-01-19T22:59:00.000Z
WN516,2020-06-02T21:59:00.000Z
WN441,2018-12-25T22:59:00.000Z
WN158,
WN168,
WN178,
WN137,
WN157,
WN171,
WN331,2016-11-15T22:59:00.000Z
WN176,
WN220,
WN259,
WN261,
WN378,2017-10-10T21:59:00.000Z
WN394,2018-01-30T22:59:00.000Z
WN419,2018-07-24T21:59:00.000Z
WN598,2021-12-28T22:59:00.000Z
WN016,
WN152,
WN164,
WN166,
WN180,
WN225,
WN262,
WN017,
WN138,
WN161,
WN366,2017-07-18T21:59:00.000Z
WN367,2017-07-25T21:59:00.000Z
WN371,2017-08-22T21:59:00.000Z
WN567,2021-05-25T21:59:00.000Z
WN579,2021-08-17T21:59:00.000Z
WN609,2022-03-15T22:59:00.000Z
WN638,2022-10-04T21:59:00.000Z
WN600,2022-01-11T22:59:00.000Z
WN181,
WN230,
WN021,
WN022,
WN025,
WN139,
WN143,
WN146,
WN147,
WN034,
WN627,2022-07-19T21:59:00.000Z
WN234,
WN332,2016-11-22T22:59:00.000Z
WN019,
WN020,
WN024,
WN026,
WN027,
WN028,
WN029,
WN030,
WN031,
WN032,
WN033,
WN650,2022-12-27T22:59:00.000Z
WN035,
WN140,
WN335,2016-12-13T22:59:00.000Z
WN336,2016-12-20T22:59:00.000Z
WN333,2016-11-29T22:59:00.000Z
WN334,2016-12-06T22:59:00.000Z
YiR2016,2016-01-01T00:00:00.000Z
WN241,
WN041,
WN045,
WN054,
WN059,
WN060,
WN065,
WN071,
WN376,2017-09-26T21:59:00.000Z
WN375,2017-09-19T21:59:00.000Z
WN373,2017-09-05T21:59:00.000Z
WN400,2018-03-13T22:59:00.000Z
WN369,2017-08-08T21:59:00.000Z
WN420,2018-07-31T21:59:00.000Z
WN397,2018-02-20T22:59:00.000Z
WN593,2021-11-23T22:59:00.000Z
WN623,2022-06-21T21:59:00.000Z
WN072,
WN141,
WN148,
WN150,
WN159,
WN036,
WN337,2016-12-27T22:59:00.000Z
WN052,
WN053,
WN063,
WN075,
WN153,
WN155,
WN607,2022-03-01T22:59:00.000Z
WN179,
WN185,
WN235,
WN258,
WN037,
WN050,
WN144,
WN156,
WN170,
WN183,
WN377,2017-10-03T21:59:00.000Z
WN372,2017-08-29T21:59:00.000Z
WN433,2018-10-30T22:59:00.000Z
WN612,2022-04-05T21:59:00.000Z
WN618,2022-05-17T21:59:00.000Z
WN589,2021-10-26T21:59:00.000Z
WN236,
WN246,
WN248,
WN252,
WN038,
WN238,
WN068,
WN149,
WN154,
WN338,2017-01-03T22:59:00.000Z
WN342,2017-01-31T22:59:00.000Z
WN340,2017-01-17T22:59:00.000Z
WN345,2017-02-21T22:59:00.000Z
WN379,2017-10-17T21:59:00.000Z
WN381,2017-10-31T22:59:00.000Z
WN401,2018-03-20T22:59:00.000Z
WN398,2018-02-27T22:59:00.000Z
WN609 muss weg,2022-03-15T22:59:00.000Z
WN587,2021-10-12T21:59:00.000Z
WN625,2022-07-05T21:59:00.000Z
WN651,2023-01-03T22:59:00.000Z
WN162,
WN165,
WN172,
WN177,
WN182,
WN184,
WN237,
WN175,
WN058,
WN062,
WN382,2017-11-07T22:59:00.000Z
WN383,2017-11-14T22:59:00.000Z
WN384,2017-11-21T22:59:00.000Z
WN380,2017-10-24T21:59:00.000Z
WN402,2018-03-27T21:59:00.000Z
WN405,2018-04-17T21:59:00.000Z
WN595,2021-12-07T22:59:00.000Z
WN591,2021-11-09T22:59:00.000Z
WN674,2023-06-13T21:59:00.000Z
WN616,2022-05-03T21:59:00.000Z
WN163,
WN169,
WN243,
WN255,
WN042,
WN043,
WN239,
WN249,
WN263,
WN046,
WN388,2017-12-19T22:59:00.000Z
WN385,2017-11-28T22:59:00.000Z
WN399,2018-03-06T22:59:00.000Z
WN391,2018-01-09T22:59:00.000Z
WN434,2018-11-06T22:59:00.000Z
WN585,2021-09-28T21:59:00.000Z
WN603,2022-02-01T22:59:00.000Z
WN047,
WN048,
WN051,
WN057,
WN066,
WN069,
WN341,2017-01-24T22:59:00.000Z
WN070,
WN073,
WN076,
WN077,
WN078,
WN387,2017-12-12T22:59:00.000Z
WN390,2018-01-02T22:59:00.000Z
WN406,2018-04-24T21:59:00.000Z
WN409,2018-05-15T21:59:00.000Z
WN412,2018-06-05T21:59:00.000Z
WN392,2018-01-16T22:59:00.000Z
WN551,2021-02-02T22:59:00.000Z
WN404,2018-04-10T21:59:00.000Z
WN569,2021-06-08T21:59:00.000Z
WN605,2022-02-15T22:59:00.000Z
WN240,
WN055,
WN067,
WN186,
WN197,
WN214,
WN217,
WN339,2017-01-10T22:59:00.000Z
WN346,2017-02-28T22:59:00.000Z
WN350,2017-03-28T21:59:00.000Z
WN343,2017-02-07T22:59:00.000Z
WN242,
WN250,
WN640,2022-10-18T21:59:00.000Z
WN049,
WN208,
WN064,
WN079,
WN080,
WN081,
WN082,
WN083,
WN187,
WN191,
WN344,2017-02-14T22:59:00.000Z
WN348,2017-03-14T22:59:00.000Z
WN347,2017-03-07T22:59:00.000Z
WN393,2018-01-23T22:59:00.000Z
WN386,2017-12-05T22:59:00.000Z
WN408,2018-05-08T21:59:00.000Z
WN411,2018-05-29T21:59:00.000Z
WN570,2021-06-15T21:59:00.000Z
WN633,2022-08-30T21:59:00.000Z
WN653,2023-01-17T22:59:00.000Z
WN199,
WN213,
WN271,
WN085,
WN088,
WN089,
WN113,
WN119,
WN125,
WN129,
WN132,
WN389,2017-12-26T22:59:00.000Z
WN568,2021-06-01T21:59:00.000Z
WN188,
WN198,
WN349,2017-03-21T22:59:00.000Z
WN351,2017-04-04T21:59:00.000Z
WN084,
WN099,
WN090,
WN091,
WN092,
WN095,
WN098,
WN105,
WN109,
WN111,
WN597,2021-12-21T22:59:00.000Z
WN581,2021-08-31T21:59:00.000Z
WN588,2021-10-19T21:59:00.000Z
WN112,
WN115,
WN118,
WN211,
WN086,
WN104,
WN124,
WN126,
WN130,
WN189,
WN196,
WN415,2018-06-26T21:59:00.000Z
WN410,2018-05-22T21:59:00.000Z
WN407,2018-05-01T21:59:00.000Z
WN413,2018-06-12T21:59:00.000Z
WN414,2018-06-19T21:59:00.000Z
WN603 tbdeletef,2022-02-01T22:59:00.000Z
WN571,2021-06-22T21:59:00.000Z
WN582,2021-09-07T21:59:00.000Z
WN655,2023-01-31T22:59:00.000Z
WN678,2023-07-11T21:59:00.000Z
WN676,2023-06-27T21:59:00.000Z
WN194,
WN195,
WN209,
WN216,
WN096,
WN097,
WN100,
WN101,
WN102,
WN103,
WN107,
WN108,
WN657,2023-02-14T22:59:00.000Z
WN110,
WN114,
WN116,
WN120,
WN190,
WN227,
WN117,
WN122,
WN193,
WN221,
WN356,2017-05-09T21:59:00.000Z
WN352,2017-04-11T21:59:00.000Z
WN355,2017-05-02T21:59:00.000Z
WN416,2018-07-03T21:59:00.000Z
WN663,2023-03-28T21:59:00.000Z
WN659,2023-02-28T22:59:00.000Z
WN223,
WN106,
WN192,
WN203,
WN210,
WN244,
WN200,
WN205,
WN074,
WN630,2022-08-09T21:59:00.000Z
WN206,
WN207,
WN354,2017-04-25T21:59:00.000Z
WN358,2017-05-23T21:59:00.000Z
WN353,2017-04-18T21:59:00.000Z
WN229,
WN231,
WN245,
WN502,2020-02-25T22:59:00.000Z
WN269,
WN201,
WN293,2016-02-23T22:59:00.000Z
WN294,2016-03-01T22:59:00.000Z
WN297,2016-03-22T22:59:00.000Z
WN298,2016-03-29T21:59:00.000Z
WN319,2016-08-23T21:59:00.000Z
WN303,2016-05-03T21:59:00.000Z
WN304,2016-05-10T21:59:00.000Z
WN307,2016-05-31T21:59:00.000Z
WN509,2020-04-14T21:59:00.000Z
WN505,2020-03-17T22:59:00.000Z
WN503,2020-03-03T22:59:00.000Z
WN507,2020-03-31T21:59:00.000Z
WN508,2020-04-07T21:59:00.000Z
WN506,2020-03-24T22:59:00.000Z
WN572,2021-06-29T21:59:00.000Z
WN576,2021-07-27T21:59:00.000Z
WN575,2021-07-20T21:59:00.000Z
WN642,2022-11-01T22:59:00.000Z
WN680,2023-07-25T21:59:00.000Z
WN610,2022-03-22T22:59:00.000Z
WN601,2022-01-18T22:59:00.000Z
WN594,2021-11-30T22:59:00.000Z
WN672,2023-05-30T21:59:00.000Z
WN212,
WN224,
WN247,
WN253,
WN123,
WN131,
WN233,
WN268,
WN305,2016-05-17T21:59:00.000Z
WN311,2016-06-28T21:59:00.000Z
WN313,2016-07-12T21:59:00.000Z
WN316,2016-08-02T21:59:00.000Z
WN315,2016-07-26T21:59:00.000Z
WN312,2016-07-05T21:59:00.000Z
WN314,2016-07-19T21:59:00.000Z
WN317,2016-08-09T21:59:00.000Z
WN318,2016-08-16T21:59:00.000Z
WN325,2016-10-04T21:59:00.000Z
WN300,2016-04-12T21:59:00.000Z
WN321,2016-09-06T21:59:00.000Z
WN322,2016-09-13T21:59:00.000Z
WN134,
WN215,
WN226,
WN228,
WN232,
WN218,
WN251,
WN359,2017-05-30T21:59:00.000Z
WN357,2017-05-16T21:59:00.000Z
WN256,
WN320,2016-08-30T21:59:00.000Z
WN323,2016-09-20T21:59:00.000Z
WN326,2016-10-11T21:59:00.000Z
WN362,2017-06-20T21:59:00.000Z
WN257,
WN254,
WN260,
WN265,
WN267,
WN128,
WN219,
WN222,
WN327,2016-10-18T21:59:00.000Z
WN328,2016-10-25T21:59:00.000Z
WN324,2016-09-27T21:59:00.000Z
WN417,2018-07-10T21:59:00.000Z
WN418,2018-07-17T21:59:00.000Z
WN574,2021-07-13T21:59:00.000Z
WN573,2021-07-06T21:59:00.000Z
WN564,2021-05-04T21:59:00.000Z
WN584,2021-09-21T21:59:00.000Z
WN644,2022-11-15T22:59:00.000Z
WN635,2022-09-13T21:59:00.000Z
WN619,2022-05-24T21:59:00.000Z
WN599,2022-01-04T22:59:00.000Z
WN270,
WN277,2015-11-03T01:00:00.000Z
Explain Categories,""
WN002,
WN023,
WN039,
WN040,
WN044,
WN056,
WN061,
WN363,2017-06-27T21:59:00.000Z
WN364,2017-07-04T21:59:00.000Z
WN577,2021-08-03T21:59:00.000Z
WN621,2022-06-07T21:59:00.000Z
WN628,2022-07-26T21:59:00.000Z
WN563,2021-04-27T21:59:00.000Z
WN637,2022-09-27T21:59:00.000Z
WN087,
WN093,
WN094,
WN121,
WN127,
WN135,
WN142,
WN274,2015-10-13T00:00:00.000Z
trash_WN292,2016-02-16T23:59:00.000Z
WN275,2015-10-20T01:00:00.000Z
WN360,2017-06-06T21:59:00.000Z
WN432,2018-10-23T21:59:00.000Z
WN431,2018-10-16T21:59:00.000Z
WN426,2018-09-11T21:59:00.000Z
WN428,2018-09-25T21:59:00.000Z
WN429,2018-10-02T21:59:00.000Z
WN422,2018-08-14T21:59:00.000Z
WN424,2018-08-28T21:59:00.000Z
WN427,2018-09-18T21:59:00.000Z
WN425,2018-09-04T21:59:00.000Z
WN421,2018-08-07T21:59:00.000Z
WN423,2018-08-21T21:59:00.000Z
WN430,2018-10-09T21:59:00.000Z
WN578,2021-08-10T21:59:00.000Z
WN608falsch,2022-03-08T22:59:00.000Z
WN590,2021-11-02T22:59:00.000Z
WN665,2023-04-11T21:59:00.000Z
WN632,2022-08-23T21:59:00.000Z
WN608,2022-03-08T22:59:00.000Z
WN624,2022-06-28T21:59:00.000Z
WN586,2021-10-05T21:59:00.000Z
Beginner's Howto,2015-11-03T01:00:00.000Z
WN202,
WN289,2016-01-26T00:00:00.440Z
WN204,
WN272,2015-09-29T00:00:00.000Z
WN273,2015-10-06T00:00:00.000Z
WN276,2015-10-27T01:00:00.000Z
WN284,2015-12-22T01:00:00.000Z
trash WN291,2016-02-09T23:59:00.000Z
WN278,2015-11-10T01:00:00.000Z
WN281,2015-12-01T01:00:00.000Z
WN282,2015-12-08T01:00:00.000Z
WN283,2015-12-15T01:00:00.000Z
WN280,2015-11-24T01:00:00.000Z
WN279,2015-11-17T01:00:00.000Z
WN295,2016-03-08T22:59:00.000Z
WN299,2016-04-05T21:59:00.000Z
WN308,2016-06-07T21:59:00.000Z
WN306,2016-05-24T21:59:00.000Z
WN301,2016-04-19T21:59:00.000Z
WN302,2016-04-26T21:59:00.000Z
WN290,2016-02-02T23:59:00.000Z
WN309,2016-06-14T21:59:00.000Z
WN310,2016-06-21T21:59:00.000Z
WN291,2016-02-09T00:00:00.000Z
WN292,2016-02-16T22:59:00.000Z
WN296,2016-03-15T22:59:00.000Z
WN266,
WN500,2020-02-11T22:59:00.000Z
WN438,2018-12-04T22:59:00.000Z
WN501,2020-02-18T22:59:00.000Z
WN436,2018-11-20T22:59:00.000Z
WN461,2019-05-14T21:59:00.000Z
WN504,2020-03-10T22:59:00.000Z
WN536,2020-10-20T21:59:00.000Z
WN492,2019-12-17T22:59:00.000Z
WN450,2019-02-26T22:59:00.000Z
WN446,2019-01-29T22:59:00.000Z
WN451,2019-03-05T22:59:00.000Z
WN539,2020-11-10T22:59:00.000Z
WN464,2019-06-04T21:59:00.000Z
WN488,2019-11-19T22:59:00.000Z
WN545,2020-12-22T22:59:00.000Z
WN472,2019-07-30T21:59:00.000Z
WN444,2019-01-15T22:59:00.000Z
WN469,2019-07-09T21:59:00.000Z
WN456,2019-04-09T21:59:00.000Z
WN459,2019-04-30T21:59:00.000Z
WN480,2019-09-24T21:59:00.000Z
WN448,2019-02-12T22:59:00.000Z
WN449,2019-02-19T22:59:00.000Z
WN477,2019-09-03T21:59:00.000Z
WN484,2019-10-22T21:59:00.000Z
WN485,2019-10-29T22:59:00.000Z
WN550,2021-01-26T22:59:00.000Z
WN527,2020-08-18T21:59:00.000Z
WN439,2018-12-11T22:59:00.000Z
WN529,2020-09-01T21:59:00.000Z
WN523,2020-07-21T21:59:00.000Z
WN442,2019-01-01T22:59:00.000Z
WN454,2019-03-26T22:59:00.000Z
WN490,2019-12-03T22:59:00.000Z
WN467,2019-06-25T21:59:00.000Z
WN437,2018-11-27T22:59:00.000Z
WN512,2020-05-05T21:59:00.000Z
WN462,2019-05-21T21:59:00.000Z
WN475,2019-08-20T21:59:00.000Z
WN447,2019-02-05T22:59:00.000Z
WN525,2020-08-04T21:59:00.000Z
WN530,2020-09-08T21:59:00.000Z
WN521,2020-07-07T21:59:00.000Z
WN517,2020-06-09T21:59:00.000Z
WN538,2020-11-03T22:59:00.000Z
WN445,2019-01-22T22:59:00.000Z
WN457,2019-04-16T21:59:00.000Z
WN547,2021-01-05T22:59:00.000Z
WN460,2019-05-07T21:59:00.000Z
WN481,2019-10-01T21:59:00.000Z
WN519,2020-06-23T21:59:00.000Z
WN483,2019-10-15T21:59:00.000Z
WN493,2019-12-24T22:59:00.000Z
WN452,2019-03-12T22:59:00.000Z
WN495,2020-01-07T22:59:00.000Z
WN465,2019-06-11T21:59:00.000Z
WN470,2019-07-16T21:59:00.000Z
WN440,2018-12-18T22:59:00.000Z
WN478,2019-09-10T21:59:00.000Z
WN473,2019-08-06T21:59:00.000Z
WN510,2020-04-21T21:59:00.000Z
WN455,2019-04-02T21:59:00.000Z
WN443,2019-01-08T22:59:00.000Z
WN494,2019-12-31T22:59:00.000Z
WN515,2020-05-26T21:59:00.000Z
WN486,2019-11-05T22:59:00.000Z
WN476,2019-08-27T21:59:00.000Z
WN463,2019-05-28T21:59:00.000Z
WN482,2019-10-08T21:59:00.000Z
WN491,2019-12-10T22:59:00.000Z
WN468,2019-07-02T21:59:00.000Z
WN513,2020-05-12T21:59:00.000Z
WN458,2019-04-23T21:59:00.000Z
WN489,2019-11-26T22:59:00.000Z
WN498,2020-01-28T22:59:00.000Z
WN466,2019-06-18T21:59:00.000Z
WN533,2020-09-29T21:59:00.000Z
WN471,2019-07-23T21:59:00.000Z
WN524,2020-07-28T21:59:00.000Z
WN496,2020-01-14T22:59:00.000Z
WN535,2020-10-13T21:59:00.000Z
WN522,2020-07-14T21:59:00.000Z
WN511,2020-04-28T21:59:00.000Z
WN479,2019-09-17T21:59:00.000Z
WN487,2019-11-12T22:59:00.000Z
WN526,2020-08-11T21:59:00.000Z
WN518,2020-06-16T21:59:00.000Z
WN543,2020-12-08T22:59:00.000Z
WN520,2020-06-30T21:59:00.000Z
WN528,2020-08-25T21:59:00.000Z
WN537,2020-10-27T22:59:00.000Z
WN546,2020-12-29T22:59:00.000Z
WN499,2020-02-04T22:59:00.000Z
WN544,2020-12-15T22:59:00.000Z
WN548,2021-01-12T22:59:00.000Z
WN514,2020-05-19T21:59:00.000Z
WN534,2020-10-06T21:59:00.000Z
WN531,2020-09-15T21:59:00.000Z
WN532,2020-09-22T21:59:00.000Z
WN542,2020-12-01T22:59:00.000Z
WN540,2020-11-17T22:59:00.000Z
WN541,2020-11-24T22:59:00.000Z
WN552,2021-02-09T22:59:00.000Z
WN553,2021-02-16T22:59:00.000Z
WN559,2021-03-30T21:59:00.000Z
WN560,2021-04-06T21:59:00.000Z
WN557,2021-03-16T22:59:00.000Z
WN558,2021-03-23T22:59:00.000Z
WN556,2021-03-09T22:59:00.000Z
WN555,2021-03-02T22:59:00.000Z
WN561,2021-04-13T21:59:00.000Z
WN562,2021-04-20T21:59:00.000Z
WN554,2021-02-23T22:59:00.000Z
WN565,2021-05-11T21:59:00.000Z
WN566,2021-05-18T21:59:00.000Z
WN645,2022-11-22T22:59:00.000Z
WN620,2022-05-31T21:59:00.000Z
WN631,2022-08-16T21:59:00.000Z
WN647,2022-12-06T22:59:00.000Z
WN583,2021-09-14T21:59:00.000Z
WN646,2022-11-29T22:59:00.000Z
WN613,2022-04-12T21:59:00.000Z
WN580,2021-08-24T21:59:00.000Z
WN639,2022-10-11T21:59:00.000Z
WN592,2021-11-16T22:59:00.000Z
WN685,2023-08-29T21:59:00.000Z
WN671,2023-05-23T21:59:00.000Z
WN661,2023-03-14T22:59:00.000Z
WN617,2022-05-10T21:59:00.000Z
WN606,2022-02-22T22:59:00.000Z
WN610 kann wech,2022-03-22T22:59:00.000Z
WN604,2022-02-08T22:59:00.000Z
WN667,2023-04-25T21:59:00.000Z
WN648,2022-12-13T22:59:00.000Z
WN649,2022-12-20T22:59:00.000Z
WN596,2021-12-14T22:59:00.000Z
WN602,2022-01-25T22:59:00.000Z
WN669,2023-05-09T21:59:00.000Z
WN626,2022-07-12T21:59:00.000Z
WN652,2023-01-10T22:59:00.000Z
WN611,2022-03-29T21:59:00.000Z
WN677,2023-07-04T21:59:00.000Z
WN629,2022-08-02T21:59:00.000Z
WN634,2022-09-06T21:59:00.000Z
WN622,2022-06-14T21:59:00.000Z
WN641,2022-10-25T21:59:00.000Z
WN614,2022-04-19T21:59:00.000Z
WN656,2023-02-07T22:59:00.000Z
WN658,2023-02-21T22:59:00.000Z
WN654,2023-01-24T22:59:00.000Z
WN643,2022-11-08T22:59:00.000Z
WN660,2023-03-07T22:59:00.000Z
WN675,2023-06-20T21:59:00.000Z
WN636,2022-09-20T21:59:00.000Z
WN673,2023-06-06T21:59:00.000Z
WN681,2023-08-01T21:59:00.000Z
WN664,2023-04-04T21:59:00.000Z
WN689,2023-09-26T21:59:00.000Z
WN679,2023-07-18T21:59:00.000Z
WN668,2023-05-02T21:59:00.000Z
WN666,2023-04-18T21:59:00.000Z
WN662,2023-03-21T22:59:00.000Z
WN615,2022-04-26T21:59:00.000Z
WN670,2023-05-16T21:59:00.000Z
WN687,2023-09-12T21:59:00.000Z
WN700,2023-12-12T22:59:00.000Z
WN733,2024-08-01T21:59:00.000Z
WN709,2024-02-15T22:59:00.000Z
WN741,2024-09-26T21:59:00.000Z
WN698,2023-11-28T22:59:00.000Z
WN696,2023-11-14T22:59:00.000Z
WN694,2023-10-31T22:59:00.000Z
WN682,2023-08-08T21:59:00.000Z
WN692,2023-10-17T21:59:00.000Z
WN686,2023-09-05T21:59:00.000Z
WN690,2023-10-03T21:59:00.000Z
WN705,2024-01-18T22:59:00.000Z
WN688,2023-09-19T21:59:00.000Z
WN706,2024-01-25T22:59:00.000Z
WN701,2023-12-19T22:59:00.000Z
WN684,2023-08-22T21:59:00.000Z
WN745,2024-10-24T21:59:00.000Z
WN699,2023-12-05T22:59:00.000Z
WN703,2024-01-02T22:59:00.000Z
WN697,2023-11-21T22:59:00.000Z
WN695,2023-11-07T22:59:00.000Z
WN749,2024-11-21T22:59:00.000Z
WN708,2024-02-08T22:59:00.000Z
WN693,2023-10-24T21:59:00.000Z
WN683,2023-08-15T21:59:00.000Z
WN691,2023-10-10T21:59:00.000Z
WN702,2023-12-26T22:59:00.000Z
WN704,2024-01-09T22:59:00.000Z
WN707,2024-02-01T22:59:00.000Z
WN710,2024-02-22T22:59:00.000Z
WN753,2024-12-19T22:59:00.000Z
WN724,2024-05-30T21:59:00.000Z
WN763,2025-02-27T22:59:00.000Z
WN729,2024-07-04T21:59:00.000Z
WN737,2024-08-29T21:59:00.000Z
WN715,2024-03-28T22:59:00.000Z
WN722,2024-05-16T21:59:00.000Z
WN713,2024-03-14T22:59:00.000Z
WN720,2024-05-02T21:59:00.000Z
WN711,2024-02-29T22:59:00.000Z
WN718,2024-04-18T21:59:00.000Z
WN727,2024-06-20T21:59:00.000Z
WN730,2024-07-11T21:59:00.000Z
WN725,2024-06-06T21:59:00.000Z
WN742,2024-10-03T21:59:00.000Z
WN756,2025-01-09T22:59:00.000Z
WN738,2024-09-05T21:59:00.000Z
WN746,2024-10-31T22:59:00.000Z
WN716,2024-04-04T21:59:00.000Z
WN754,2024-12-26T22:59:00.000Z
WN750,2024-11-28T22:59:00.000Z
WN734,2024-08-08T21:59:00.000Z
WN766,2025-03-20T22:59:00.000Z
WN764,2025-03-06T22:59:00.000Z
WN768,2025-04-03T21:59:00.000Z
WN723,2024-05-23T21:59:00.000Z
WN714,2024-03-21T22:59:00.000Z
WN721,2024-05-09T21:59:00.000Z
WN767,2025-03-27T22:59:00.000Z
WN752,2024-12-12T22:59:00.000Z
WN748,2024-11-14T22:59:00.000Z
WN712,2024-03-07T22:59:00.000Z
WN744,2024-10-17T21:59:00.000Z
WN736,2024-08-22T21:59:00.000Z
WN719,2024-04-25T21:59:00.000Z
WN732,2024-07-25T21:59:00.000Z
WN728,2024-06-27T21:59:00.000Z
WN717,2024-04-11T21:59:00.000Z
WN740,2024-09-19T21:59:00.000Z
WN726,2024-06-13T21:59:00.000Z
WN735,2024-08-15T21:59:00.000Z
WN743,2024-10-10T21:59:00.000Z
WN747,2024-11-07T22:59:00.000Z
WN731,2024-07-18T21:59:00.000Z
WN739,2024-09-12T21:59:00.000Z
WN751,2024-12-05T22:59:00.000Z
WN761,2025-02-13T22:59:00.000Z
WN762,2025-02-20T22:59:00.000Z
WN757,2025-01-16T22:59:00.000Z
WN755,2025-01-02T22:59:00.000Z
WN765,2025-03-13T22:59:00.000Z
WN759,2025-01-30T22:59:00.000Z
WN758,2025-01-23T22:59:00.000Z
WN760,2025-02-06T22:59:00.000Z
